k,PV_simple,PV_ver
0.0,0.007124117347718551,6.165185478749269
0.8975979010256552,0.06512388447668634,2.0
1.7951958020513104,0.04260746660378611,3.3087214629709796
2.6927937030769655,0.044875118563252096,3.0
3.5903916041026207,0.056217428944714126,4.047308443256891
4.487989505128276,0.06851751634033426,4.0
5.385587406153931,0.06916529426045805,5.0
6.283185307179586,-0.025677611462792068,5.0
