mu,Drude,BCD,sQMD,dQMD,Inter,dInter,Green,Green_sea
0.002,190.23089984698345,-14.229892421067085,-6.1321223438205985,4.80421752692523,1.3737547090545237,0.6243416145091424,-173.88960990679072,0.0
0.004,49.843592105140615,-9.959699544690396,-4.877395407910353,2.553013151918167,0.24795208653461243,0.950845502752226,-41.912121405883674,0.0
0.006,23.34454296605699,-6.772411589234348,-3.829148920769155,1.0474627642871597,-0.22953671929524253,0.8618832689408757,-17.767816629919434,0.0
0.008,13.789160841795935,-4.6283010895433305,-3.0153793472738863,0.19418483311500057,-0.33247602040568397,0.6192731696614988,-9.470848769031363,0.0
0.01,9.214220181786178,-3.2289277611115588,-2.4017360858982766,-0.24597956100116505,-0.29280589333815327,0.3835288265822797,-5.739999928848299,0.0
